-- --------------------------------------------------------
-- Хост:                         127.0.0.1
-- Версия на сървъра:            10.1.35-MariaDB - mariadb.org binary distribution
-- ОС на сървъра:                Win32
-- HeidiSQL Версия:              9.5.0.5196
-- --------------------------------------------------------

/*!40101 SET @OLD_CHARACTER_SET_CLIENT=@@CHARACTER_SET_CLIENT */;
/*!40101 SET NAMES utf8 */;
/*!50503 SET NAMES utf8mb4 */;
/*!40014 SET @OLD_FOREIGN_KEY_CHECKS=@@FOREIGN_KEY_CHECKS, FOREIGN_KEY_CHECKS=0 */;
/*!40101 SET @OLD_SQL_MODE=@@SQL_MODE, SQL_MODE='NO_AUTO_VALUE_ON_ZERO' */;


-- Dumping database structure for network_controll
CREATE DATABASE IF NOT EXISTS `network_controll` /*!40100 DEFAULT CHARACTER SET utf8 */;
USE `network_controll`;

-- Дъмп структура за таблица network_controll.relations_towns_streets
CREATE TABLE IF NOT EXISTS `relations_towns_streets` (
  `town` int(11) NOT NULL,
  `street` int(11) NOT NULL,
  PRIMARY KEY (`town`,`street`),
  KEY `FK_relations_towns_streets_streets` (`street`,`town`),
  CONSTRAINT `FK_relations_towns_streets_streets` FOREIGN KEY (`street`) REFERENCES `streets` (`id`),
  CONSTRAINT `FK_relations_towns_streets_towns` FOREIGN KEY (`town`) REFERENCES `towns` (`id`)
) ENGINE=InnoDB DEFAULT CHARSET=utf8;

-- Дъмп данни за таблица network_controll.relations_towns_streets: ~84 rows (approximately)
/*!40000 ALTER TABLE `relations_towns_streets` DISABLE KEYS */;
REPLACE INTO `relations_towns_streets` (`town`, `street`) VALUES
	(1, 1),
	(1, 2),
	(1, 3),
	(1, 4),
	(1, 5),
	(1, 6),
	(1, 7),
	(1, 8),
	(1, 9),
	(1, 10),
	(1, 11),
	(1, 12),
	(1, 13),
	(1, 14),
	(1, 15),
	(1, 16),
	(1, 17),
	(1, 18),
	(1, 19),
	(1, 20),
	(1, 21),
	(1, 22),
	(1, 23),
	(1, 24),
	(1, 25),
	(1, 26),
	(1, 27),
	(1, 28),
	(1, 29),
	(1, 30),
	(1, 31),
	(1, 32),
	(1, 33),
	(1, 34),
	(1, 35),
	(1, 36),
	(1, 37),
	(1, 38),
	(1, 39),
	(1, 40),
	(1, 41),
	(1, 42),
	(1, 43),
	(1, 44),
	(1, 45),
	(1, 46),
	(1, 47),
	(1, 48),
	(1, 49),
	(1, 50),
	(1, 51),
	(1, 52),
	(1, 53),
	(1, 54),
	(1, 55),
	(1, 56),
	(1, 57),
	(1, 58),
	(1, 59),
	(1, 60),
	(1, 61),
	(1, 62),
	(1, 63),
	(1, 64),
	(1, 65),
	(1, 66),
	(1, 67),
	(1, 68),
	(1, 69),
	(1, 70),
	(1, 71),
	(1, 72),
	(1, 73),
	(1, 74),
	(1, 75),
	(1, 76),
	(1, 77),
	(1, 78),
	(1, 79),
	(1, 80),
	(1, 81),
	(1, 82),
	(1, 83),
	(1, 84),
	(2, 457),
	(2, 458),
	(2, 459),
	(2, 460),
	(2, 461),
	(2, 462),
	(2, 463),
	(2, 464),
	(2, 465),
	(2, 466),
	(2, 467),
	(2, 468),
	(2, 469),
	(2, 470),
	(2, 471),
	(2, 472),
	(2, 473),
	(2, 474),
	(2, 475),
	(2, 476),
	(2, 477),
	(2, 478),
	(2, 479),
	(2, 480),
	(2, 481),
	(2, 482),
	(2, 483),
	(2, 484),
	(2, 485),
	(2, 486),
	(2, 487),
	(2, 488),
	(2, 489),
	(2, 490),
	(2, 491),
	(2, 492),
	(2, 493),
	(2, 494),
	(2, 495),
	(2, 496),
	(2, 497),
	(2, 498),
	(2, 499),
	(2, 500),
	(2, 501),
	(2, 502),
	(2, 503),
	(2, 504),
	(2, 505),
	(2, 506),
	(2, 507),
	(2, 508),
	(2, 509),
	(2, 510),
	(2, 511),
	(2, 512),
	(2, 513),
	(2, 514),
	(2, 515),
	(2, 516),
	(2, 517),
	(2, 518),
	(2, 519),
	(2, 520),
	(2, 521),
	(2, 522),
	(2, 523),
	(2, 524),
	(2, 525),
	(2, 526),
	(2, 527),
	(2, 528),
	(2, 529),
	(2, 530),
	(2, 531),
	(2, 532),
	(2, 533),
	(2, 534),
	(2, 535),
	(2, 536),
	(2, 537),
	(2, 538),
	(2, 539),
	(2, 540),
	(2, 541),
	(2, 542),
	(2, 543),
	(2, 544),
	(2, 545),
	(2, 546),
	(2, 547),
	(2, 548),
	(2, 549),
	(2, 550),
	(2, 551),
	(2, 552),
	(2, 553),
	(2, 554),
	(2, 555),
	(2, 556),
	(2, 557),
	(2, 558),
	(2, 559),
	(2, 560),
	(2, 561),
	(2, 562),
	(2, 563),
	(2, 564),
	(2, 565),
	(2, 566),
	(2, 567),
	(2, 568),
	(2, 569),
	(2, 570),
	(2, 571),
	(2, 572),
	(2, 573),
	(2, 574),
	(2, 575),
	(2, 576),
	(2, 577),
	(2, 578),
	(2, 579),
	(2, 580),
	(2, 581),
	(2, 582),
	(2, 583),
	(2, 584),
	(2, 585),
	(2, 586),
	(2, 587),
	(2, 588),
	(2, 589),
	(2, 590),
	(2, 591),
	(2, 592),
	(2, 593),
	(2, 594),
	(2, 595),
	(2, 596),
	(2, 597),
	(2, 598),
	(2, 599),
	(2, 600),
	(2, 601),
	(2, 602),
	(2, 603),
	(2, 604),
	(2, 605),
	(2, 606),
	(2, 607),
	(2, 608),
	(2, 609),
	(2, 610),
	(2, 611),
	(2, 612),
	(2, 613),
	(2, 614),
	(2, 615),
	(2, 616),
	(2, 617),
	(2, 618),
	(2, 619),
	(2, 620),
	(2, 621),
	(2, 622),
	(2, 623),
	(2, 624),
	(2, 625),
	(2, 626),
	(2, 627),
	(2, 628),
	(2, 629),
	(2, 630),
	(2, 631),
	(2, 632),
	(2, 633),
	(2, 634),
	(2, 635),
	(2, 636),
	(2, 637),
	(2, 638),
	(2, 639),
	(2, 640),
	(2, 641),
	(2, 642),
	(2, 643),
	(2, 644),
	(2, 645),
	(2, 646),
	(2, 647),
	(2, 648),
	(2, 649),
	(2, 650),
	(2, 651),
	(2, 652),
	(2, 653),
	(2, 654),
	(2, 655),
	(2, 656),
	(2, 657),
	(2, 658),
	(2, 659),
	(2, 660),
	(2, 661),
	(2, 662),
	(2, 663),
	(2, 664),
	(2, 665),
	(2, 666),
	(2, 667),
	(2, 668),
	(2, 669),
	(2, 670),
	(2, 671),
	(2, 672),
	(2, 673),
	(2, 674),
	(2, 675),
	(2, 676),
	(2, 677),
	(2, 678),
	(2, 679),
	(2, 680),
	(2, 681),
	(2, 682),
	(2, 683),
	(2, 684),
	(2, 685),
	(2, 686),
	(2, 687),
	(2, 688),
	(2, 689),
	(2, 690),
	(2, 691),
	(2, 692),
	(2, 693),
	(2, 694),
	(2, 695),
	(2, 696),
	(2, 697),
	(2, 698),
	(2, 699),
	(2, 700),
	(2, 701),
	(2, 702),
	(2, 703),
	(2, 704),
	(2, 705),
	(2, 706),
	(2, 707),
	(2, 708),
	(2, 709),
	(2, 710),
	(2, 711),
	(2, 712),
	(2, 713),
	(2, 714),
	(2, 715),
	(2, 716),
	(2, 717),
	(2, 718),
	(2, 719),
	(2, 720),
	(2, 721),
	(2, 722),
	(2, 723),
	(2, 724),
	(2, 725),
	(2, 726),
	(2, 727),
	(2, 728),
	(2, 729),
	(2, 730),
	(2, 731),
	(2, 732),
	(2, 733),
	(2, 734),
	(2, 735),
	(2, 736),
	(2, 737),
	(2, 738),
	(2, 739),
	(2, 740),
	(2, 741),
	(2, 742),
	(2, 743),
	(2, 744),
	(2, 745),
	(2, 746),
	(2, 747),
	(2, 748),
	(2, 749),
	(2, 750),
	(2, 751),
	(2, 752),
	(2, 753),
	(2, 754),
	(2, 755),
	(2, 756),
	(2, 757),
	(2, 758),
	(2, 759),
	(2, 760),
	(2, 761),
	(2, 762),
	(2, 763),
	(2, 764),
	(2, 765),
	(2, 766),
	(2, 767),
	(2, 768),
	(2, 769),
	(2, 770),
	(2, 771),
	(2, 772),
	(2, 773),
	(2, 774),
	(2, 775),
	(2, 776),
	(2, 777),
	(2, 778),
	(2, 779),
	(2, 780),
	(2, 781),
	(2, 782),
	(2, 783),
	(2, 784),
	(2, 785),
	(2, 786),
	(2, 787),
	(2, 788),
	(2, 789),
	(2, 790),
	(2, 791),
	(2, 792),
	(2, 793),
	(2, 794),
	(2, 795),
	(2, 796),
	(2, 797),
	(2, 798),
	(2, 799),
	(2, 800),
	(3, 1017),
	(3, 1018),
	(3, 1019),
	(3, 1020),
	(3, 1021),
	(3, 1022),
	(3, 1023),
	(3, 1024),
	(3, 1025),
	(3, 1026),
	(3, 1027),
	(3, 1028),
	(3, 1029),
	(3, 1030),
	(3, 1031),
	(3, 1032),
	(3, 1033),
	(3, 1034),
	(3, 1035),
	(3, 1036),
	(3, 1037),
	(3, 1038),
	(3, 1039),
	(3, 1040),
	(3, 1041),
	(3, 1042),
	(3, 1043),
	(3, 1044),
	(3, 1045),
	(3, 1046),
	(3, 1047),
	(3, 1048),
	(3, 1049),
	(3, 1050),
	(3, 1051),
	(3, 1052),
	(3, 1053),
	(3, 1054),
	(3, 1055),
	(3, 1056),
	(3, 1057),
	(3, 1058),
	(3, 1059),
	(3, 1060),
	(3, 1061),
	(3, 1062),
	(3, 1063),
	(3, 1064),
	(3, 1065),
	(3, 1066),
	(3, 1067),
	(3, 1068),
	(3, 1069),
	(3, 1070),
	(3, 1071),
	(3, 1072),
	(3, 1073),
	(3, 1074),
	(3, 1075),
	(3, 1076),
	(3, 1077),
	(3, 1078),
	(3, 1079),
	(3, 1080),
	(3, 1081),
	(3, 1082),
	(3, 1083),
	(3, 1084),
	(3, 1085),
	(3, 1086),
	(3, 1087),
	(3, 1088),
	(3, 1089),
	(3, 1090),
	(3, 1091),
	(3, 1092),
	(3, 1093),
	(3, 1094),
	(3, 1095),
	(3, 1096),
	(3, 1097),
	(3, 1098),
	(3, 1099),
	(3, 1100),
	(3, 1101),
	(3, 1102),
	(3, 1103),
	(3, 1104),
	(3, 1105),
	(3, 1106),
	(3, 1107),
	(3, 1108),
	(3, 1109),
	(3, 1110),
	(3, 1111),
	(3, 1112),
	(3, 1113),
	(3, 1114),
	(3, 1115),
	(3, 1116),
	(3, 1117),
	(3, 1118),
	(3, 1119),
	(3, 1120),
	(3, 1121),
	(3, 1122),
	(3, 1123),
	(3, 1124),
	(3, 1125),
	(3, 1126),
	(3, 1127),
	(3, 1128),
	(3, 1129),
	(3, 1130),
	(3, 1131),
	(3, 1132),
	(3, 1133),
	(3, 1134),
	(3, 1135),
	(3, 1136),
	(3, 1137),
	(3, 1138),
	(3, 1139),
	(3, 1140),
	(3, 1141),
	(3, 1142),
	(3, 1143),
	(3, 1144),
	(3, 1145),
	(3, 1146),
	(3, 1147),
	(3, 1148),
	(3, 1149),
	(3, 1150),
	(3, 1151),
	(3, 1152),
	(3, 1153),
	(3, 1154),
	(3, 1155),
	(3, 1156),
	(3, 1157),
	(3, 1158),
	(3, 1159),
	(3, 1160),
	(3, 1161),
	(3, 1162),
	(3, 1163),
	(3, 1164),
	(3, 1165),
	(3, 1166),
	(3, 1167),
	(3, 1168),
	(3, 1169),
	(3, 1170),
	(3, 1171),
	(3, 1172),
	(3, 1173),
	(3, 1174),
	(3, 1175),
	(3, 1176),
	(3, 1177),
	(3, 1178),
	(3, 1179),
	(3, 1180),
	(3, 1181),
	(3, 1182),
	(3, 1183),
	(3, 1184),
	(3, 1185),
	(3, 1186),
	(3, 1187),
	(3, 1188),
	(3, 1189),
	(3, 1190),
	(3, 1191),
	(3, 1192),
	(3, 1193),
	(3, 1194),
	(3, 1195),
	(3, 1196),
	(3, 1197),
	(3, 1198),
	(3, 1199),
	(3, 1200),
	(3, 1201),
	(3, 1202),
	(3, 1203),
	(3, 1204),
	(3, 1205),
	(3, 1206),
	(3, 1207),
	(3, 1208),
	(3, 1209),
	(3, 1210),
	(3, 1211),
	(3, 1212),
	(3, 1213),
	(3, 1214),
	(3, 1215),
	(3, 1216),
	(3, 1217),
	(3, 1218),
	(3, 1219),
	(3, 1220),
	(3, 1221),
	(3, 1222),
	(3, 1223),
	(3, 1224),
	(3, 1225),
	(3, 1226),
	(3, 1227),
	(3, 1228),
	(3, 1229),
	(3, 1230),
	(3, 1231),
	(3, 1232),
	(4, 1233),
	(4, 1234),
	(4, 1235),
	(4, 1236),
	(4, 1237),
	(4, 1238),
	(4, 1239),
	(4, 1240),
	(4, 1241),
	(4, 1242),
	(4, 1243),
	(4, 1244),
	(4, 1245),
	(4, 1246),
	(4, 1247),
	(4, 1248),
	(4, 1249),
	(4, 1250),
	(4, 1251),
	(4, 1252),
	(4, 1253),
	(4, 1254),
	(4, 1255),
	(4, 1256),
	(4, 1257),
	(4, 1258),
	(4, 1259),
	(4, 1260),
	(4, 1261),
	(4, 1262),
	(4, 1263),
	(4, 1264),
	(4, 1265),
	(4, 1266),
	(4, 1267),
	(4, 1268),
	(4, 1269),
	(4, 1270),
	(4, 1271),
	(4, 1272),
	(4, 1273),
	(4, 1274),
	(4, 1275),
	(4, 1276),
	(4, 1277),
	(4, 1278),
	(4, 1279),
	(4, 1280),
	(4, 1281),
	(4, 1282),
	(4, 1283),
	(4, 1284),
	(4, 1285),
	(4, 1286),
	(4, 1287),
	(4, 1288),
	(4, 1289),
	(4, 1290),
	(4, 1291),
	(4, 1292),
	(4, 1293),
	(4, 1294),
	(4, 1295),
	(4, 1296),
	(4, 1297),
	(4, 1298),
	(4, 1299),
	(4, 1300),
	(4, 1301),
	(4, 1302),
	(4, 1303),
	(4, 1304),
	(4, 1305),
	(4, 1306),
	(4, 1307),
	(4, 1308),
	(4, 1309),
	(4, 1310),
	(4, 1311),
	(4, 1312),
	(4, 1313),
	(4, 1314),
	(4, 1315),
	(4, 1316),
	(4, 1317),
	(4, 1318),
	(4, 1319),
	(4, 1320),
	(4, 1321),
	(4, 1322),
	(4, 1323),
	(4, 1324),
	(4, 1325),
	(4, 1326),
	(4, 1327),
	(4, 1328),
	(4, 1329),
	(4, 1330),
	(4, 1331),
	(4, 1332),
	(4, 1333),
	(4, 1334),
	(4, 1335),
	(4, 1336),
	(4, 1337),
	(4, 1338),
	(4, 1339),
	(4, 1340),
	(4, 1341),
	(4, 1342),
	(4, 1343),
	(4, 1344),
	(4, 1345),
	(4, 1346),
	(4, 1347),
	(4, 1348),
	(4, 1349),
	(4, 1350),
	(4, 1351),
	(4, 1352),
	(4, 1353),
	(4, 1354),
	(4, 1355),
	(4, 1356),
	(4, 1357),
	(4, 1358),
	(4, 1359),
	(4, 1360),
	(4, 1361),
	(4, 1362),
	(4, 1363),
	(4, 1364),
	(4, 1365),
	(4, 1366),
	(4, 1367),
	(4, 1368),
	(4, 1369),
	(4, 1370),
	(4, 1371),
	(4, 1372),
	(4, 1373),
	(4, 1374),
	(4, 1375),
	(4, 1376),
	(4, 1377),
	(4, 1378),
	(4, 1379),
	(4, 1380),
	(4, 1381),
	(4, 1382),
	(4, 1383),
	(4, 1384),
	(4, 1385),
	(4, 1386),
	(4, 1387),
	(4, 1388),
	(4, 1389),
	(4, 1390),
	(4, 1391),
	(4, 1392),
	(4, 1393),
	(4, 1394),
	(4, 1395),
	(4, 1396),
	(4, 1397),
	(4, 1398),
	(4, 1399),
	(4, 1400),
	(4, 1401),
	(4, 1402),
	(4, 1403),
	(4, 1404),
	(4, 1405),
	(4, 1406),
	(4, 1407),
	(4, 1408),
	(4, 1409),
	(4, 1410),
	(4, 1411),
	(4, 1412),
	(4, 1413),
	(4, 1414),
	(4, 1415),
	(4, 1416),
	(4, 1417),
	(4, 1418),
	(4, 1419),
	(4, 1420),
	(4, 1421),
	(4, 1422),
	(4, 1423),
	(4, 1424),
	(4, 1425),
	(4, 1426),
	(4, 1427),
	(4, 1428),
	(4, 1429),
	(4, 1430),
	(4, 1431),
	(4, 1432),
	(4, 1433),
	(4, 1434),
	(4, 1435),
	(4, 1436),
	(4, 1437),
	(4, 1438),
	(4, 1439),
	(4, 1440),
	(4, 1441),
	(4, 1442),
	(4, 1443),
	(4, 1444),
	(4, 1445),
	(4, 1446),
	(4, 1447),
	(4, 1448),
	(4, 1449),
	(4, 1450),
	(4, 1451),
	(4, 1452),
	(4, 1453),
	(4, 1454),
	(4, 1455),
	(4, 1456),
	(4, 1457),
	(4, 1458),
	(4, 1459),
	(4, 1460),
	(4, 1461),
	(4, 1462),
	(4, 1463),
	(4, 1464),
	(4, 1465),
	(4, 1466),
	(4, 1467),
	(4, 1468),
	(4, 1469),
	(4, 1470),
	(4, 1471),
	(4, 1472),
	(4, 1473),
	(4, 1474),
	(4, 1475),
	(4, 1476),
	(4, 1477),
	(4, 1478),
	(4, 1479),
	(4, 1480),
	(4, 1481),
	(4, 1482),
	(4, 1483),
	(4, 1484),
	(4, 1485),
	(4, 1486),
	(4, 1487),
	(4, 1488),
	(4, 1489),
	(4, 1490),
	(4, 1491),
	(4, 1492),
	(4, 1493),
	(4, 1494),
	(4, 1495),
	(4, 1496),
	(4, 1497),
	(4, 1498),
	(4, 1499),
	(4, 1500),
	(4, 1501),
	(4, 1502),
	(4, 1503),
	(4, 1504),
	(4, 1505),
	(4, 1506),
	(4, 1507),
	(4, 1508),
	(4, 1509),
	(4, 1510),
	(4, 1511),
	(4, 1512),
	(4, 1513),
	(4, 1514),
	(4, 1515),
	(4, 1516),
	(4, 1517),
	(4, 1518),
	(4, 1519),
	(4, 1520),
	(4, 1521),
	(4, 1522),
	(4, 1523),
	(4, 1524),
	(4, 1525),
	(4, 1526),
	(4, 1527),
	(4, 1528),
	(4, 1529),
	(4, 1530),
	(4, 1531),
	(4, 1532),
	(4, 1533),
	(4, 1534),
	(4, 1535),
	(4, 1536),
	(4, 1537),
	(5, 1538),
	(5, 1539),
	(5, 1540),
	(5, 1541),
	(5, 1542),
	(5, 1543),
	(5, 1544),
	(5, 1545),
	(5, 1546),
	(5, 1547),
	(5, 1548),
	(5, 1549),
	(5, 1550),
	(5, 1551),
	(5, 1552),
	(5, 1553),
	(5, 1554),
	(5, 1555),
	(5, 1556),
	(5, 1557),
	(5, 1558),
	(5, 1559),
	(5, 1560),
	(5, 1561),
	(5, 1562),
	(5, 1563),
	(5, 1564),
	(5, 1565),
	(5, 1566),
	(5, 1567),
	(5, 1568),
	(5, 1569),
	(5, 1570),
	(5, 1571),
	(6, 1572),
	(6, 1573),
	(6, 1574),
	(6, 1575),
	(6, 1576),
	(6, 1577),
	(6, 1578),
	(6, 1579),
	(6, 1580),
	(6, 1581),
	(6, 1582),
	(6, 1583),
	(6, 1584),
	(6, 1585),
	(6, 1586),
	(6, 1587),
	(6, 1588),
	(6, 1589),
	(6, 1590),
	(6, 1591),
	(6, 1592),
	(6, 1593),
	(6, 1594),
	(6, 1595),
	(6, 1596),
	(6, 1597),
	(6, 1598),
	(6, 1599),
	(6, 1600),
	(6, 1601),
	(6, 1602),
	(6, 1603),
	(6, 1604),
	(6, 1605),
	(6, 1606),
	(6, 1607),
	(6, 1608),
	(6, 1609),
	(6, 1610),
	(6, 1611),
	(6, 1612),
	(6, 1613),
	(6, 1614),
	(6, 1615),
	(6, 1616),
	(6, 1617),
	(6, 1618),
	(6, 1619),
	(6, 1620),
	(6, 1621),
	(6, 1622),
	(6, 1623),
	(6, 1624),
	(6, 1625),
	(6, 1626),
	(6, 1627),
	(6, 1628),
	(6, 1629),
	(6, 1630),
	(6, 1631),
	(6, 1632),
	(6, 1633),
	(6, 1634),
	(6, 1635),
	(6, 1636),
	(6, 1637),
	(6, 1638),
	(6, 1639),
	(6, 1640),
	(6, 1641),
	(6, 1642),
	(6, 1643),
	(6, 1644),
	(6, 1645),
	(6, 1646),
	(6, 1647),
	(6, 1648),
	(6, 1649),
	(6, 1650),
	(6, 1651),
	(6, 1652),
	(6, 1653),
	(6, 1654),
	(6, 1655),
	(6, 1656),
	(6, 1657),
	(6, 1658),
	(6, 1659),
	(6, 1660),
	(6, 1661),
	(6, 1662),
	(6, 1663),
	(6, 1664),
	(6, 1665),
	(6, 1666),
	(6, 1667),
	(6, 1668),
	(6, 1669),
	(6, 1670),
	(6, 1671),
	(6, 1672),
	(6, 1673),
	(6, 1674),
	(6, 1675),
	(6, 1676),
	(6, 1677),
	(6, 1678),
	(6, 1679),
	(6, 1680),
	(6, 1681),
	(6, 1682),
	(6, 1683),
	(6, 1684),
	(6, 1685),
	(6, 1686),
	(6, 1687),
	(6, 1688),
	(6, 1689),
	(6, 1690),
	(6, 1691),
	(6, 1692),
	(6, 1693),
	(6, 1694),
	(6, 1695),
	(6, 1696),
	(6, 1697),
	(6, 1698),
	(6, 1699),
	(6, 1700),
	(6, 1701),
	(6, 1702),
	(6, 1703),
	(6, 1704),
	(6, 1705),
	(6, 1706),
	(6, 1707),
	(6, 1708),
	(6, 1709),
	(6, 1710),
	(6, 1711),
	(6, 1712),
	(6, 1713),
	(6, 1714),
	(6, 1715),
	(6, 1716),
	(6, 1717),
	(6, 1718),
	(6, 1719),
	(6, 1720),
	(6, 1721),
	(6, 1722),
	(6, 1723),
	(6, 1724),
	(6, 1725),
	(6, 1726),
	(6, 1727),
	(6, 1728),
	(6, 1729),
	(6, 1730),
	(6, 1731),
	(6, 1732),
	(6, 1733),
	(6, 1734),
	(6, 1735),
	(6, 1736),
	(6, 1737),
	(6, 1738),
	(6, 1739),
	(6, 1740),
	(6, 1741),
	(6, 1742),
	(6, 1743),
	(6, 1744),
	(6, 1745),
	(6, 1746),
	(6, 1747),
	(6, 1748),
	(6, 1749),
	(6, 1750),
	(6, 1751),
	(6, 1752),
	(6, 1753),
	(6, 1754),
	(6, 1755),
	(6, 1756),
	(6, 1757),
	(6, 1758),
	(6, 1759),
	(6, 1760),
	(6, 1761),
	(6, 1762),
	(6, 1763),
	(6, 1764),
	(6, 1765),
	(6, 1766),
	(6, 1767),
	(6, 1768),
	(6, 1769),
	(6, 1770),
	(6, 1771),
	(6, 1772),
	(6, 1773),
	(6, 1774),
	(6, 1775),
	(6, 1776),
	(6, 1777),
	(6, 1778),
	(6, 1779),
	(6, 1780),
	(6, 1781),
	(6, 1782),
	(6, 1783),
	(6, 1784),
	(6, 1785),
	(6, 1786),
	(6, 1787),
	(6, 1788),
	(6, 1789),
	(6, 1790),
	(6, 1791),
	(6, 1792),
	(6, 1793),
	(6, 1794),
	(6, 1795),
	(6, 1796),
	(6, 1797),
	(6, 1798),
	(6, 1799),
	(6, 1800),
	(6, 1801),
	(6, 1802),
	(6, 1803),
	(6, 1804),
	(6, 1805),
	(6, 1806),
	(6, 1807),
	(6, 1808),
	(6, 1809),
	(6, 1810),
	(6, 1811),
	(6, 1812),
	(6, 1813),
	(6, 1814),
	(6, 1815),
	(6, 1816),
	(6, 1817),
	(6, 1818),
	(6, 1819),
	(6, 1820),
	(6, 1821),
	(6, 1822),
	(6, 1823),
	(6, 1824),
	(6, 1825),
	(6, 1826),
	(6, 1827),
	(6, 1828),
	(6, 1829),
	(6, 1830),
	(6, 1831),
	(6, 1832),
	(6, 1833),
	(6, 1834),
	(6, 1835),
	(6, 1836),
	(6, 1837),
	(6, 1838),
	(6, 1839),
	(6, 1840),
	(6, 1841),
	(6, 1842),
	(6, 1843),
	(6, 1844),
	(6, 1845),
	(6, 1846),
	(6, 1847),
	(6, 1848),
	(6, 1849),
	(6, 1850),
	(6, 1851),
	(6, 1852),
	(6, 1853),
	(6, 1854),
	(6, 1855),
	(6, 1856),
	(6, 1857),
	(6, 1858),
	(6, 1859),
	(6, 1860),
	(6, 1861),
	(6, 1862),
	(6, 1863),
	(6, 1864),
	(6, 1865),
	(6, 1866),
	(6, 1867),
	(6, 1868),
	(6, 1869),
	(6, 1870),
	(6, 1871),
	(6, 1872),
	(6, 1873),
	(6, 1874),
	(6, 1875),
	(6, 1876),
	(6, 1877),
	(6, 1878),
	(6, 1879),
	(6, 1880),
	(6, 1881),
	(6, 1882),
	(6, 1883),
	(6, 1884),
	(6, 1885),
	(6, 1886),
	(6, 1887),
	(6, 1888),
	(6, 1889),
	(6, 1890),
	(6, 1891),
	(6, 1892),
	(6, 1893),
	(6, 1894),
	(6, 1895),
	(6, 1896),
	(6, 1897),
	(6, 1898),
	(6, 1899),
	(6, 1900),
	(6, 1901),
	(6, 1902),
	(6, 1903),
	(6, 1904),
	(6, 1905),
	(6, 1906),
	(6, 1907),
	(6, 1908),
	(6, 1909),
	(6, 1910),
	(6, 1911),
	(6, 1912),
	(6, 1913),
	(6, 1914),
	(6, 1915),
	(6, 1916),
	(6, 1917),
	(6, 1918),
	(6, 1919),
	(6, 1920),
	(6, 1921),
	(6, 1922),
	(6, 1923),
	(6, 1924),
	(6, 1925),
	(6, 1926),
	(6, 1927),
	(6, 1928),
	(6, 1929),
	(6, 1930),
	(6, 1931),
	(6, 1932),
	(6, 1933),
	(6, 1934),
	(6, 1935),
	(6, 1936),
	(6, 1937),
	(6, 1938),
	(6, 1939),
	(6, 1940),
	(6, 1941),
	(6, 1942),
	(6, 1943),
	(6, 1944),
	(6, 1945),
	(6, 1946),
	(6, 1947),
	(6, 1948),
	(6, 1949),
	(6, 1950),
	(6, 1951),
	(6, 1952),
	(6, 1953),
	(6, 1954),
	(6, 1955),
	(6, 1956),
	(6, 1957),
	(6, 1958),
	(6, 1959),
	(6, 1960),
	(6, 1961),
	(6, 1962),
	(6, 1963),
	(6, 1964),
	(6, 1965),
	(6, 1966),
	(6, 1967),
	(6, 1968),
	(6, 1969),
	(6, 1970);
/*!40000 ALTER TABLE `relations_towns_streets` ENABLE KEYS */;

-- Дъмп структура за таблица network_controll.routers
CREATE TABLE IF NOT EXISTS `routers` (
  `id` int(11) NOT NULL AUTO_INCREMENT,
  `town` int(11) NOT NULL,
  `street` int(11) NOT NULL,
  `mac` varchar(255) NOT NULL,
  `firewall` tinyint(4) NOT NULL,
  PRIMARY KEY (`id`),
  KEY `FK_routers_towns` (`town`),
  KEY `FK_routers_streets` (`street`),
  CONSTRAINT `FK_routers_streets` FOREIGN KEY (`street`) REFERENCES `streets` (`id`),
  CONSTRAINT `FK_routers_towns` FOREIGN KEY (`town`) REFERENCES `towns` (`id`)
) ENGINE=InnoDB DEFAULT CHARSET=utf8;

-- Дъмп данни за таблица network_controll.routers: ~0 rows (approximately)
/*!40000 ALTER TABLE `routers` DISABLE KEYS */;
/*!40000 ALTER TABLE `routers` ENABLE KEYS */;

-- Дъмп структура за таблица network_controll.streets
CREATE TABLE IF NOT EXISTS `streets` (
  `id` int(11) NOT NULL AUTO_INCREMENT,
  `name` varchar(255) NOT NULL,
  PRIMARY KEY (`id`)
) ENGINE=InnoDB AUTO_INCREMENT=1971 DEFAULT CHARSET=utf8;

-- Дъмп данни за таблица network_controll.streets: ~85 rows (approximately)
/*!40000 ALTER TABLE `streets` DISABLE KEYS */;
REPLACE INTO `streets` (`id`, `name`) VALUES
	(1, 'Патриарх Евтимий'),
	(2, 'АМ Европа'),
	(3, 'Кап.Радко Димитриев'),
	(4, 'Лозан Арсов'),
	(5, 'Работник'),
	(6, 'Кооператор'),
	(7, 'Кочо Честименски'),
	(8, 'Гургулят'),
	(9, 'Три уши'),
	(10, 'Михаил Кенин'),
	(11, 'Спартак'),
	(12, 'Георги С.Раковски'),
	(13, 'Шейново'),
	(14, 'Васил Априлов'),
	(15, 'пл.Стамболийски'),
	(16, 'Лозан Тончев'),
	(17, '8'),
	(18, 'Оборище'),
	(19, 'Клисура'),
	(20, 'Петко Славейков'),
	(21, 'Софроний Врачански'),
	(22, 'Райна Княгиня'),
	(23, 'Владимир Димитров-Майстора'),
	(24, 'Дедо Пуне'),
	(25, 'Хаджи Димитър'),
	(26, 'Васил Друмев'),
	(27, 'Елин Пелин'),
	(28, 'Ангел Кънчев'),
	(29, 'Св.Св.Кирил и Методий'),
	(30, 'Христо Ботев'),
	(31, 'Чавдар войвода'),
	(32, 'Любен Каравелов'),
	(33, 'Ротмистър Атанас Бендеров'),
	(34, 'Захари Стоянов'),
	(35, 'Шипка'),
	(36, 'Матей Преображенски'),
	(37, 'Хан Омуртаг'),
	(38, 'Княз Борис I'),
	(39, 'Кап.Олимпи Панов'),
	(40, 'Освобождение'),
	(41, 'Тодор Каблешков'),
	(42, 'Д-р Памукчиев'),
	(43, 'Цар Калоян'),
	(44, 'Васил Левски'),
	(45, 'Паисий Хилендарски'),
	(46, 'Баба Тонка'),
	(47, 'бул.Княз Александър I'),
	(48, 'Вишая'),
	(49, 'Сливнишки герой'),
	(50, 'Цар Самуил'),
	(51, 'Кап.Коста Паница'),
	(52, 'Цар Симеон Велики'),
	(53, 'Батак'),
	(54, 'Щастие'),
	(55, 'Бачо Киро'),
	(56, 'Юрий Гагарин'),
	(57, 'Черно море'),
	(58, 'Алеко Константинов'),
	(59, 'Филип Тотю'),
	(60, 'проф. Димитър Китов'),
	(61, 'Георги Бенковски'),
	(62, 'Пейо Яворов'),
	(63, 'Нешо Бончев'),
	(64, 'Черни връх'),
	(65, 'Максим Горки'),
	(66, 'Иван Вазов'),
	(67, 'Константин Величков'),
	(68, 'Иван Германов'),
	(69, 'Тодор Влайков'),
	(70, 'Лев Толстой'),
	(71, 'Васил Петлешков'),
	(72, 'Панайот Волов'),
	(73, 'Мир'),
	(74, 'бул.Батенберг'),
	(75, 'Кап.Атанас Узунов'),
	(76, 'Хан Аспарух'),
	(77, 'Панайот Хитов'),
	(78, 'Св.Климент Охридски'),
	(79, 'Неделище'),
	(80, 'Христо Михайлов'),
	(81, 'Еделвайс'),
	(82, 'Хан Крум'),
	(83, 'АМ Калотина'),
	(84, '811'),
	(457, 'бул. Скоростна магистрала'),
	(458, 'Средец'),
	(459, 'Черноризец Храбър'),
	(460, 'Яне Сандански'),
	(461, 'Цани Гинчев'),
	(462, 'Крепок'),
	(463, 'Русалка'),
	(464, 'Рупите'),
	(465, 'Китка'),
	(466, 'Христо Ботев'),
	(467, 'Софийско шосе'),
	(468, 'Кракра'),
	(469, 'Струма'),
	(470, 'Камчия'),
	(471, 'Росица'),
	(472, 'Граховска'),
	(473, 'Панталей'),
	(474, 'Отец Паисий'),
	(475, 'Хайдут Велко'),
	(476, 'Златни мостове'),
	(477, 'Екзарх Йосиф'),
	(478, 'Гоце Делчев'),
	(479, 'Илинден'),
	(480, 'Руй'),
	(481, 'Гергина'),
	(482, 'Физкултурна'),
	(483, 'Знеполе'),
	(484, 'Калиманци'),
	(485, 'Булаир'),
	(486, 'Искър'),
	(487, 'Тунджа'),
	(488, 'Вардар'),
	(489, 'Върбица'),
	(490, 'Крушевска република'),
	(491, 'Михаил Георгиев'),
	(492, 'Пере Тошев'),
	(493, 'Тако Пеев'),
	(494, 'Райна Княгина'),
	(495, 'Братя Миладинови'),
	(496, 'Михаил Герджиков'),
	(497, 'Даме Груев'),
	(498, 'Крум Асенов'),
	(499, 'Красимир Величков'),
	(500, 'Чичо Стоян'),
	(501, 'Владислав Граматик'),
	(502, 'Инженерна'),
	(503, 'Презвитер Козма'),
	(504, 'Добри Чинтулов'),
	(505, 'Никола Карев'),
	(506, 'Ген. Владимир Вазов'),
	(507, 'Тодор Паница'),
	(508, 'Маьор Коста Паница'),
	(509, 'Димитър Талев'),
	(510, 'Цанко Церковски'),
	(511, 'Поп Пейо'),
	(512, 'Тодор Влайков'),
	(513, 'Григор Пърличев'),
	(514, 'Илия Бешков'),
	(515, 'Стара Чешма'),
	(516, 'Славей'),
	(517, 'Протожерица'),
	(518, 'Генерал Столетов'),
	(519, 'Елбрус'),
	(520, 'Морозов'),
	(521, 'Еделвайс'),
	(522, 'Балван'),
	(523, 'Стара планина'),
	(524, 'Венец'),
	(525, 'Люлин'),
	(526, 'Лисец'),
	(527, 'Колош'),
	(528, 'Краище'),
	(529, 'Връх Богдан'),
	(530, 'Батуля'),
	(531, 'Чумерна'),
	(532, 'Боянова поляна'),
	(533, 'Осогово'),
	(534, 'Буная'),
	(535, 'Веслец'),
	(536, 'Сини връх'),
	(537, 'Персенк'),
	(538, 'Палма'),
	(539, 'Верила'),
	(540, 'Захари Зограф'),
	(541, 'Люлякова'),
	(542, 'Майска роза'),
	(543, 'Марина бара'),
	(544, 'Горски извор'),
	(545, 'Градище'),
	(546, 'Черковна'),
	(547, 'Самодивска'),
	(548, 'Голобръдска'),
	(549, 'Вола'),
	(550, 'Дъга'),
	(551, 'Средна гора'),
	(552, 'Беласица'),
	(553, 'Балкан'),
	(554, '9-ти май'),
	(555, 'Бабуна'),
	(556, 'Пирин'),
	(557, 'Шипка'),
	(558, 'Странджа'),
	(559, 'Острица'),
	(560, 'Бузлуджа'),
	(561, 'Рила'),
	(562, 'Кръстец'),
	(563, 'Родопи'),
	(564, 'Оборище'),
	(565, 'Витоша'),
	(566, 'Предел'),
	(567, 'Стоян Заимов'),
	(568, 'Околчица'),
	(569, 'Мальовица'),
	(570, 'Вихрен'),
	(571, 'Ален мак'),
	(572, 'Петрохан'),
	(573, 'Чавдар'),
	(574, 'Малашевска'),
	(575, 'Шибой'),
	(576, 'Железничарска'),
	(577, 'Черешово Топче'),
	(578, 'Найчо Цанов'),
	(579, 'Parking and gsm service'),
	(580, 'Райко Даскалов'),
	(581, 'Княз Батенберг'),
	(582, 'Рено'),
	(583, 'Търговска'),
	(584, 'Бенковска'),
	(585, 'Васил Стоин'),
	(586, 'Миньор'),
	(587, 'Мусала'),
	(588, 'Мургаш'),
	(589, 'Селимица'),
	(590, 'Синчец'),
	(591, 'Бунтовник'),
	(592, 'Панайот Хитов'),
	(593, 'Тодор Каблешков'),
	(594, 'Ивайло'),
	(595, 'Васил Априлов'),
	(596, 'Капитан Векилски'),
	(597, 'Пейо Яворов'),
	(598, 'Иван Вазов'),
	(599, 'Г.С.Раковски'),
	(600, 'Любен Каравелов'),
	(601, 'Хаджи Димитър'),
	(602, 'Панайот Волов'),
	(603, 'Алеко Константинов'),
	(604, 'Пейчо Славейков'),
	(605, 'Димчо Дебелянов'),
	(606, 'Момина Сълза'),
	(607, 'Калина'),
	(608, 'Незабравка'),
	(609, 'Ела'),
	(610, 'Чинар'),
	(611, 'Света Петка'),
	(612, 'Бачо Киро'),
	(613, 'Липа'),
	(614, 'Божур'),
	(615, 'Сергей Румянцев'),
	(616, 'Лилия'),
	(617, 'Никола Козлев'),
	(618, 'Христо Ясенов'),
	(619, 'Захари Стоянов'),
	(620, 'Кокиче'),
	(621, 'Найден Геров'),
	(622, 'Гео Милев'),
	(623, 'Зюмбюл'),
	(624, 'Клисура'),
	(625, 'Стефан Караджа'),
	(626, 'Сан Стефано'),
	(627, 'Дойран'),
	(628, 'Теменуга'),
	(629, 'Добруджа'),
	(630, 'Сазлийка'),
	(631, 'Манастирски път'),
	(632, 'Голо Бърдо'),
	(633, 'Победа'),
	(634, 'Металик'),
	(635, 'Горицвет'),
	(636, 'Младост'),
	(637, 'Нов живот'),
	(638, 'Бели кладенци'),
	(639, 'Златна Панега'),
	(640, 'Джерман'),
	(641, 'Отдих'),
	(642, 'Бързия'),
	(643, 'Рудничар'),
	(644, 'Мир'),
	(645, 'Осъм'),
	(646, 'Кладенец'),
	(647, 'Бистрица'),
	(648, 'Колуница'),
	(649, 'Луда Яна'),
	(650, 'Тополница'),
	(651, 'Ропотамо'),
	(652, 'Будиславец'),
	(653, 'Въча'),
	(654, 'Арчар'),
	(655, 'Петко Каравелов'),
	(656, 'Розова долина'),
	(657, 'Брегалница'),
	(658, 'Васил Левски'),
	(659, 'Кресна'),
	(660, 'Самоков'),
	(661, 'Радомир'),
	(662, 'Проф. Асен Златаров'),
	(663, '8-ми март'),
	(664, '6-ти май'),
	(665, 'Монте Карло'),
	(666, 'Епископ Киприян'),
	(667, 'Св. Св. Кирил и Методий'),
	(668, 'Емануил Васкидович'),
	(669, 'Ихтиман'),
	(670, 'Красно село'),
	(671, 'Бяла Слатина'),
	(672, 'Златица'),
	(673, 'Дряново'),
	(674, 'Банско'),
	(675, 'Ботевград'),
	(676, 'Разлог'),
	(677, 'Ловеч'),
	(678, 'Габрово'),
	(679, 'Граово'),
	(680, 'Трявна'),
	(681, 'Лясковец'),
	(682, 'Котел'),
	(683, 'Айтос'),
	(684, 'Стара Загора'),
	(685, 'Пловдив'),
	(686, 'Пирдоп'),
	(687, 'Велинград'),
	(688, 'Казанлък'),
	(689, 'Нови пазар'),
	(690, 'Нова Загора'),
	(691, 'Есперанто'),
	(692, 'Брацигово'),
	(693, 'Търговище'),
	(694, 'Плевен'),
	(695, 'Брезник'),
	(696, 'Враца'),
	(697, 'Балчик'),
	(698, 'Ахтопол'),
	(699, 'Стримон'),
	(700, 'Ал. Стамболийски'),
	(701, '1-ви май'),
	(702, 'Мърквичка'),
	(703, 'Янко Сакъзов'),
	(704, '24-ти май'),
	(705, 'Георги Мамарчев'),
	(706, 'Елена'),
	(707, 'Козлодуй'),
	(708, 'Бродо'),
	(709, 'Юрий Гагарин'),
	(710, '9-та'),
	(711, '5-та'),
	(712, '7-ма'),
	(713, 'Преслав'),
	(714, '6-та'),
	(715, 'Батак'),
	(716, '2-ра'),
	(717, '4-та'),
	(718, 'Охрид'),
	(719, 'Браила'),
	(720, 'Одрин'),
	(721, 'Битоля'),
	(722, '15-та'),
	(723, '3-та'),
	(724, '8-ма'),
	(725, '10-та'),
	(726, '1-ва'),
	(727, '11-та'),
	(728, '12-та'),
	(729, '13-та'),
	(730, '14-та'),
	(731, '18-та'),
	(732, '16-та'),
	(733, '17-та'),
	(734, 'Омуртаг'),
	(735, 'Видин'),
	(736, 'Севлиево'),
	(737, 'Троян'),
	(738, 'Етрополе'),
	(739, 'Павликени'),
	(740, 'Шумен'),
	(741, 'Мелник'),
	(742, 'Свищов'),
	(743, 'Берковица'),
	(744, 'Трън'),
	(745, 'Земен'),
	(746, 'Угърчин'),
	(747, 'Асеновград'),
	(748, 'Русе'),
	(749, 'Кърджали'),
	(750, 'Варна'),
	(751, 'Прилеп'),
	(752, 'Самара'),
	(753, 'Пирот'),
	(754, 'Преспа'),
	(755, 'Александър Георгиев'),
	(756, 'Болград'),
	(757, '63'),
	(758, '802'),
	(759, 'Силистра'),
	(760, 'Търново'),
	(761, 'Мадара'),
	(762, 'Перущица'),
	(763, 'Къкринско ханче'),
	(764, 'Сини вир'),
	(765, 'Република'),
	(766, 'Чипровско въстание'),
	(767, 'Балканджи Йово'),
	(768, 'Радомирска република'),
	(769, 'Петко Евтимов'),
	(770, 'Парижка комуна'),
	(771, 'Урса'),
	(772, 'Съединение'),
	(773, 'Освобождение'),
	(774, '3-ти март'),
	(775, 'Park Ursa'),
	(776, 'Велчова завера'),
	(777, 'Крали Марко'),
	(778, 'Владайско въстание'),
	(779, 'Парк Урса / Мошино'),
	(780, 'Владимир Комаров'),
	(781, 'Младен Стоянов'),
	(782, '23-та'),
	(783, '22-ра'),
	(784, '24-та'),
	(785, '21-ва'),
	(786, 'Зоя Космодемянская'),
	(787, 'Олег Кошевой'),
	(788, 'Ст. Стаменов'),
	(789, 'Никола Чернишевски'),
	(790, 'Максим Горки'),
	(791, 'Михаил Здравков'),
	(792, 'Павел Корчагин'),
	(793, 'Катюша'),
	(794, 'Лев Толстой'),
	(795, 'Сергей Есенин'),
	(796, 'Хавана'),
	(797, 'Достоевски'),
	(798, 'Варшава'),
	(799, 'Рашо Димитров'),
	(800, 'Луганск'),
	(1017, '8'),
	(1018, 'АМ Калотина'),
	(1019, 'Хан Крум'),
	(1020, '811'),
	(1021, 'Слатина'),
	(1022, 'Люлин'),
	(1023, 'кап. Петко войвода'),
	(1024, '6 септември'),
	(1025, 'Атанас Гълъбов'),
	(1026, 'Струма'),
	(1027, 'Витан'),
	(1028, 'Бузлуджа'),
	(1029, 'Иван Бончев'),
	(1030, 'Дунав'),
	(1031, 'Тополница'),
	(1032, 'Вит'),
	(1033, 'Камчия'),
	(1034, 'Пирин'),
	(1035, 'Ком'),
	(1036, 'Тантил Стойчев'),
	(1037, 'Христо Ботев'),
	(1038, 'Шопска комуна'),
	(1039, 'Цветна'),
	(1040, 'Васил Левски'),
	(1041, 'Еделвайс'),
	(1042, 'Незабравка'),
	(1043, 'Родопи'),
	(1044, '8 март'),
	(1045, 'Искър'),
	(1046, 'Хан Аспарух'),
	(1047, 'Теменуга'),
	(1048, 'Виолина'),
	(1049, 'Здравец'),
	(1050, 'Иглика'),
	(1051, 'Кокиче'),
	(1052, 'Дравски бой'),
	(1053, 'Никола Д.Петков'),
	(1054, 'Петко Д.Петков'),
	(1055, '12-ти април'),
	(1056, 'Малина'),
	(1057, 'Роза'),
	(1058, 'Простор'),
	(1059, 'Ела'),
	(1060, 'Момчил Войвода'),
	(1061, 'Белица'),
	(1062, 'Витоша'),
	(1063, 'Марица'),
	(1064, 'Черно море'),
	(1065, 'Райна Княгиня'),
	(1066, 'Гео Милев'),
	(1067, 'Поп Харитон'),
	(1068, 'Бели брези'),
	(1069, 'Цар Самуил'),
	(1070, 'Средна гора'),
	(1071, 'Липа'),
	(1072, 'Спортист'),
	(1073, 'Нива'),
	(1074, 'Петър Берон'),
	(1075, 'Розова долина'),
	(1076, 'Г.С.Раковски'),
	(1077, 'Охрид'),
	(1078, 'Детелина'),
	(1079, 'Н.Й.Вапцаров'),
	(1080, 'Хр.Смирненски'),
	(1081, 'Д. Дебелянов'),
	(1082, 'В.Чакалов'),
	(1083, 'Подем'),
	(1084, 'Витошко лале'),
	(1085, 'Напредък'),
	(1086, 'Орфей'),
	(1087, 'Върбишки проход'),
	(1088, 'Св. Георги Победоносец'),
	(1089, 'Пробуда'),
	(1090, 'Момина сълза'),
	(1091, 'Обединена'),
	(1092, 'Могила'),
	(1093, 'Орион'),
	(1094, '3-ти март'),
	(1095, 'Възход'),
	(1096, 'Република'),
	(1097, 'Балкан'),
	(1098, 'Панорама'),
	(1099, 'Патриот'),
	(1100, 'Вяра'),
	(1101, 'Единство'),
	(1102, 'Обора'),
	(1103, '8-ми март'),
	(1104, 'Л. Каравелов'),
	(1105, 'Юрий Гагарин'),
	(1106, 'К.Преславски'),
	(1107, 'Заяковица'),
	(1108, 'Извор'),
	(1109, 'Акакция'),
	(1110, 'Кап. Райчо'),
	(1111, 'Драва'),
	(1112, 'Блато'),
	(1113, 'Рожен'),
	(1114, 'Страцин'),
	(1115, 'Велчова завера'),
	(1116, 'Турист'),
	(1117, 'Бяло море'),
	(1118, 'Места'),
	(1119, 'Клокотница'),
	(1120, 'Маслово'),
	(1121, 'Баба Тонка'),
	(1122, 'Гоце Делчев'),
	(1123, 'Радецки'),
	(1124, 'Македония'),
	(1125, 'П. Енев'),
	(1126, 'Антим I'),
	(1127, 'Ивайло'),
	(1128, 'Черноризец Храбър'),
	(1129, 'В.Величков'),
	(1130, 'Ручей'),
	(1131, 'Ген.Столетов'),
	(1132, 'Орлово гнездо'),
	(1133, 'Явор'),
	(1134, 'Средорек'),
	(1135, 'Парижка комуна'),
	(1136, 'Софроний Врачански'),
	(1137, 'Прохлада'),
	(1138, 'Сергей Румянцев'),
	(1139, 'Слана бара'),
	(1140, 'Добри Чинтулов'),
	(1141, 'Цар Симеон'),
	(1142, 'Свобода'),
	(1143, 'Княз Борис'),
	(1144, 'Мърфи'),
	(1145, 'Бачо Киро'),
	(1146, 'Страцински бой'),
	(1147, 'Братя Миладинови'),
	(1148, 'Ген. Владимир Заимов'),
	(1149, 'Опълченска'),
	(1150, 'Стефан Стамболов'),
	(1151, 'Иван Асен II'),
	(1152, 'Индже Войвода'),
	(1153, 'Колю Фичето'),
	(1154, 'Стара планина'),
	(1155, '1 май'),
	(1156, 'Рила'),
	(1157, 'Добруджа'),
	(1158, 'Осъм'),
	(1159, 'Ален мак'),
	(1160, 'Василий Кораженко'),
	(1161, 'Златен рог'),
	(1162, 'Градец - Царечина - Чибаовци'),
	(1163, 'Заводска'),
	(1164, 'Строител'),
	(1165, 'Славянска'),
	(1166, 'Асен Златаров'),
	(1167, 'Поп Богомил'),
	(1168, 'Цанко Церковски'),
	(1169, 'бул. Йордан Йовков'),
	(1170, 'Първенец'),
	(1171, 'Дружба'),
	(1172, 'Нарцис'),
	(1173, 'Електра'),
	(1174, 'Бреза'),
	(1175, 'Мир'),
	(1176, 'Цар Калоян'),
	(1177, 'Ропотамо'),
	(1178, 'Калиакра'),
	(1179, 'Мусала'),
	(1180, 'Варна'),
	(1181, 'бул. Ломско шосе'),
	(1182, 'Черни връх'),
	(1183, 'Стефан Караджа'),
	(1184, 'Спартак'),
	(1185, 'Хаджи Димитър'),
	(1186, 'София'),
	(1187, 'Елин Пелин'),
	(1188, 'Роса'),
	(1189, 'Иван Вазов'),
	(1190, 'Мургаш'),
	(1191, 'Русе'),
	(1192, 'Шейново'),
	(1193, 'Янко Забунов'),
	(1194, 'Мизия'),
	(1195, 'Плиска'),
	(1196, 'Шипка'),
	(1197, 'Къпина'),
	(1198, 'Вишна'),
	(1199, 'Младост'),
	(1200, 'Искра'),
	(1201, 'Люляк'),
	(1202, 'Александър Стамболийски'),
	(1203, 'Царевец'),
	(1204, 'Родина'),
	(1205, 'Георги Бенковски'),
	(1206, 'Герена'),
	(1207, 'Китка'),
	(1208, 'Топола'),
	(1209, 'Лилия'),
	(1210, 'Синчец'),
	(1211, 'Янтра'),
	(1212, 'Ален Мак'),
	(1213, 'Балван'),
	(1214, 'Букет'),
	(1215, '1-ви май'),
	(1216, 'Тунджа'),
	(1217, 'Вихрен'),
	(1218, 'Светлинка'),
	(1219, 'Труд'),
	(1220, 'Пенчо Славейков'),
	(1221, 'Филип Тотю'),
	(1222, 'С.Костадинов'),
	(1223, 'Руен'),
	(1224, 'Крайбрежна'),
	(1225, 'Поморие'),
	(1226, 'Градина'),
	(1227, 'Кирил и Методий'),
	(1228, 'Преспа'),
	(1229, 'Оборище'),
	(1230, 'Пейо Яворов'),
	(1231, 'Отец Паисий'),
	(1232, 'Н.Обретенов'),
	(1233, '638'),
	(1234, 'Незабравка'),
	(1235, 'Маринча'),
	(1236, 'Казана'),
	(1237, 'Космонавт Георги Иванов'),
	(1238, 'Банска'),
	(1239, 'Батлака'),
	(1240, 'Круша'),
	(1241, 'Поляна'),
	(1242, 'Черковна'),
	(1243, 'Христо Стефанов'),
	(1244, 'Спортист'),
	(1245, 'Пожаревска река'),
	(1246, 'Напредък'),
	(1247, 'Извор'),
	(1248, 'Промишлена'),
	(1249, 'Дърварски път'),
	(1250, 'Пирин'),
	(1251, 'Кокиче'),
	(1252, 'Ела'),
	(1253, 'Борислав Деянов'),
	(1254, 'Хаджи Димитър'),
	(1255, 'Гоце Делчев'),
	(1256, 'Панайот Волов'),
	(1257, 'Васил Петлешков'),
	(1258, 'Баба Вида'),
	(1259, 'Кап. Петко войвода'),
	(1260, 'Кочо Честименски'),
	(1261, 'Райна княгиня'),
	(1262, 'Александър Стамболийски'),
	(1263, 'Лазарски път'),
	(1264, 'Ларс Ларсен'),
	(1265, 'Мусала'),
	(1266, 'Руен'),
	(1267, 'Ястреб'),
	(1268, 'Лебед'),
	(1269, 'Лястовица'),
	(1270, 'Феникс'),
	(1271, 'Щъркел'),
	(1272, 'Орел'),
	(1273, 'Гурмазовско шосе'),
	(1274, 'Захари Стоянов'),
	(1275, 'Латинка'),
	(1276, 'ул. Кокиче'),
	(1277, 'ул. Поточе'),
	(1278, 'ул. Иван Вазов'),
	(1279, 'ул. Кирил и Методи'),
	(1280, 'ул. Теменуга'),
	(1281, 'ул. Трети март'),
	(1282, 'ул. Цар Калоян'),
	(1283, 'ул. Димо Панчев'),
	(1284, 'ул. Лазур'),
	(1285, 'ул. Любен Каравелов'),
	(1286, 'ул. Огнеборец'),
	(1287, 'ул. Шишора'),
	(1288, 'ул. Свети Дух'),
	(1289, 'ул Св.Иван Рилски'),
	(1290, 'ул. Лале'),
	(1291, 'ул. Стоил Войвода'),
	(1292, 'ул. Стефан Караджа'),
	(1293, 'ул. Хан Аспарух'),
	(1294, 'ул. Здравец'),
	(1295, 'ул. Боян Тошев'),
	(1296, 'ул. Васил Левски'),
	(1297, 'ул. Христо Ботев'),
	(1298, 'ул. Капитан Петко войвода'),
	(1299, 'ул. Сирма войвода'),
	(1300, 'ул. „Света София“'),
	(1301, 'ул. Цар Самуил'),
	(1302, '8'),
	(1303, 'Цар Самуил'),
	(1304, 'Цар Иван Александър'),
	(1305, 'Цар Петър |'),
	(1306, 'Цар Иван Асен II'),
	(1307, 'Хан Омуртаг'),
	(1308, '9-ти май'),
	(1309, '6-ти септември'),
	(1310, 'Мура'),
	(1311, 'Кап. Петко Войвода'),
	(1312, 'Асен Йорданов'),
	(1313, 'Добри Чинтулов'),
	(1314, 'Георги Сава Раковски'),
	(1315, 'бул. Европа'),
	(1316, 'Беласица'),
	(1317, 'Н.Й.Вапцаров'),
	(1318, 'Неофит Рилски'),
	(1319, 'Акация'),
	(1320, 'Снежанка'),
	(1321, 'Момина сълза'),
	(1322, 'Юмеров мост'),
	(1323, 'Стара планина'),
	(1324, 'Роза'),
	(1325, 'Кипарис'),
	(1326, 'Лотос'),
	(1327, 'Искър'),
	(1328, 'Рила'),
	(1329, 'Атон'),
	(1330, 'Дунав'),
	(1331, 'Здравец'),
	(1332, 'Струма'),
	(1333, 'Бор'),
	(1334, 'Любен Каравелов'),
	(1335, 'Еделвайс'),
	(1336, 'Явор'),
	(1337, 'Янтра'),
	(1338, 'Далия'),
	(1339, 'Иглика'),
	(1340, 'Хан Крум'),
	(1341, 'Хан Кардам'),
	(1342, 'Цар Борис I'),
	(1343, 'Цар Симеон Велики'),
	(1344, 'Хан Кубрат'),
	(1345, 'Хан Аспарух'),
	(1346, 'Хан Тервел'),
	(1347, 'бул. Европейски път'),
	(1348, 'АМ Калотина'),
	(1349, 'Копривщица'),
	(1350, 'Димитър Петков'),
	(1351, 'Никола Д.Петков'),
	(1352, 'Петко Д.Петков'),
	(1353, '12-ти април'),
	(1354, 'Малина'),
	(1355, 'Простор'),
	(1356, 'Острова'),
	(1357, 'Петровден'),
	(1358, 'Момчил Войвода'),
	(1359, 'Белица'),
	(1360, 'Витоша'),
	(1361, 'Марица'),
	(1362, 'Черно море'),
	(1363, 'Средец'),
	(1364, 'Райна Княгиня'),
	(1365, 'Гео Милев'),
	(1366, 'Поп Харитон'),
	(1367, 'Бели брези'),
	(1368, 'Средна гора'),
	(1369, 'Липа'),
	(1370, 'Цветна'),
	(1371, 'Нива'),
	(1372, 'Петър Берон'),
	(1373, 'Розова долина'),
	(1374, 'Г.С.Раковски'),
	(1375, 'Охрид'),
	(1376, 'Детелина'),
	(1377, 'Хр.Смирненски'),
	(1378, 'Д. Дебелянов'),
	(1379, 'Васил Левски'),
	(1380, 'В.Чакалов'),
	(1381, 'Подем'),
	(1382, 'Витошко лале'),
	(1383, 'Орфей'),
	(1384, 'Св. Георги Победоносец'),
	(1385, 'Пробуда'),
	(1386, 'Обединена'),
	(1387, 'Могила'),
	(1388, 'Орион'),
	(1389, '3-ти март'),
	(1390, 'Възход'),
	(1391, 'Република'),
	(1392, 'Балкан'),
	(1393, 'Панорама'),
	(1394, 'Патриот'),
	(1395, 'Арека'),
	(1396, 'Зарниче'),
	(1397, 'Еньовче'),
	(1398, 'Майски сняг'),
	(1399, 'Паричка'),
	(1400, 'Сабина'),
	(1401, 'Восъче'),
	(1402, 'Звезден жасмин'),
	(1403, 'Пламъче'),
	(1404, 'Салвия'),
	(1405, 'Сибирски синчец'),
	(1406, 'Живи камъчета'),
	(1407, 'Пустинна роза'),
	(1408, 'Дафиново клонче'),
	(1409, 'Трицветна теменуга'),
	(1410, 'Ванда'),
	(1411, 'Рилска иглика'),
	(1412, 'Шопска китка'),
	(1413, 'Ерика'),
	(1414, 'Обичка'),
	(1415, 'Камбанка'),
	(1416, '51'),
	(1417, '52'),
	(1418, 'Ален мак'),
	(1419, '53'),
	(1420, 'Фелиция'),
	(1421, 'Иван Драсов'),
	(1422, '57'),
	(1423, 'Горицвет'),
	(1424, '56'),
	(1425, 'Огоста'),
	(1426, '54'),
	(1427, 'Победа'),
	(1428, 'Маргарита'),
	(1429, 'Лилия'),
	(1430, 'Шипка'),
	(1431, 'Петуния'),
	(1432, 'Бели камък'),
	(1433, 'Ангел Кънчев'),
	(1434, 'бул. Иван Вазов'),
	(1435, 'Люлин'),
	(1436, 'Бреза'),
	(1437, 'Генерал Гурко'),
	(1438, 'Христо Ботев'),
	(1439, 'Даме Груев'),
	(1440, 'Ягода'),
	(1441, 'Отец Паисий'),
	(1442, 'Георги Бенковски'),
	(1443, 'Божур'),
	(1444, 'Ком'),
	(1445, '41'),
	(1446, 'Зорница'),
	(1447, 'Росна китка'),
	(1448, 'Гергана'),
	(1449, 'Никола Карастоянов'),
	(1450, 'Минзухар'),
	(1451, '50'),
	(1452, 'Килказ'),
	(1453, 'Рид'),
	(1454, 'Сердика'),
	(1455, 'Виолета'),
	(1456, 'Лале'),
	(1457, 'Градина'),
	(1458, 'Пламък'),
	(1459, 'Свобода'),
	(1460, 'Дружба'),
	(1461, 'Завоя'),
	(1462, 'Опълченец'),
	(1463, 'Н.Тодоров'),
	(1464, 'Червено знаме'),
	(1465, 'Люляк'),
	(1466, 'Теменуга'),
	(1467, 'Синчец'),
	(1468, 'Никодим Тодоров'),
	(1469, 'Партизанин'),
	(1470, 'Младост'),
	(1471, 'Единство'),
	(1472, 'Калинка'),
	(1473, 'Карамфил'),
	(1474, 'Ружа'),
	(1475, 'Просвета'),
	(1476, 'Заводска'),
	(1477, 'Строител'),
	(1478, 'Славянска'),
	(1479, 'Асен Златаров'),
	(1480, 'Поп Богомил'),
	(1481, 'Цанко Церковски'),
	(1482, 'бул. Йордан Йовков'),
	(1483, 'Първенец'),
	(1484, 'Нарцис'),
	(1485, 'Електра'),
	(1486, 'Мир'),
	(1487, 'Цар Калоян'),
	(1488, 'Ропотамо'),
	(1489, 'Калиакра'),
	(1490, 'Варна'),
	(1491, 'бул. Ломско шосе'),
	(1492, 'Черни връх'),
	(1493, 'Стефан Караджа'),
	(1494, 'Спартак'),
	(1495, 'София'),
	(1496, 'Елин Пелин'),
	(1497, 'Роса'),
	(1498, 'Иван Вазов'),
	(1499, 'Мургаш'),
	(1500, 'Русе'),
	(1501, 'Шейново'),
	(1502, 'Янко Забунов'),
	(1503, 'Мизия'),
	(1504, 'Плиска'),
	(1505, 'Къпина'),
	(1506, 'Вишна'),
	(1507, 'Искра'),
	(1508, 'Царевец'),
	(1509, 'Родина'),
	(1510, 'Герена'),
	(1511, 'Китка'),
	(1512, 'Топола'),
	(1513, 'Бузлуджа'),
	(1514, 'Ален Мак'),
	(1515, 'Балван'),
	(1516, 'Букет'),
	(1517, '1-ви май'),
	(1518, 'Тунджа'),
	(1519, 'Вихрен'),
	(1520, 'Труд'),
	(1521, 'Пенчо Славейков'),
	(1522, 'Филип Тотю'),
	(1523, 'С.Костадинов'),
	(1524, 'Крайбрежна'),
	(1525, 'Поморие'),
	(1526, 'Кирил и Методий'),
	(1527, 'Преспа'),
	(1528, 'Пейо Яворов'),
	(1529, 'Н.Обретенов'),
	(1530, 'Житница'),
	(1531, 'Костинбродски път'),
	(1532, 'Златен клас'),
	(1533, 'Калоян'),
	(1534, 'Крива река'),
	(1535, 'Стубел'),
	(1536, 'Търговска'),
	(1537, 'Надежда'),
	(1538, '638'),
	(1539, 'Незабравка'),
	(1540, 'Маринча'),
	(1541, 'Казана'),
	(1542, 'Космонавт Георги Иванов'),
	(1543, 'Банска'),
	(1544, 'Батлака'),
	(1545, 'Круша'),
	(1546, 'Поляна'),
	(1547, 'Черковна'),
	(1548, 'Христо Стефанов'),
	(1549, 'Спортист'),
	(1550, 'Пожаревска река'),
	(1551, 'Напредък'),
	(1552, 'Извор'),
	(1553, 'Промишлена'),
	(1554, 'Дърварски път'),
	(1555, 'Пирин'),
	(1556, 'Кокиче'),
	(1557, 'Ела'),
	(1558, 'Васил Левски'),
	(1559, 'Борислав Деянов'),
	(1560, 'Хаджи Димитър'),
	(1561, 'Младен Панков'),
	(1562, 'Гоце Делчев'),
	(1563, 'Панайот Волов'),
	(1564, 'Васил Петлешков'),
	(1565, 'Баба Вида'),
	(1566, 'Кап. Петко войвода'),
	(1567, 'Кочо Честименски'),
	(1568, 'Райна княгиня'),
	(1569, 'Александър Стамболийски'),
	(1570, 'Мусала'),
	(1571, 'Латинка'),
	(1572, 'ул. Стоил Войвода'),
	(1573, 'ул. Хан Аспарух'),
	(1574, 'ул. Боян Тошев'),
	(1575, 'ул. Васил Левски'),
	(1576, 'ул. Христо Ботев'),
	(1577, 'ул. Капитан Петко войвода'),
	(1578, 'ул. Сирма войвода'),
	(1579, 'ул. „Света София“'),
	(1580, 'ул. Цар Самуил'),
	(1581, 'АМ Калотина'),
	(1582, 'Еделвайс'),
	(1583, 'Незабравка'),
	(1584, 'Родопи'),
	(1585, '8 март'),
	(1586, 'Искър'),
	(1587, 'Шопска комуна'),
	(1588, 'Хан Аспарух'),
	(1589, 'Теменуга'),
	(1590, 'Виолина'),
	(1591, 'Здравец'),
	(1592, 'Иглика'),
	(1593, 'Кокиче'),
	(1594, 'Дравски бой'),
	(1595, 'Панайот Волов'),
	(1596, 'Копривщица'),
	(1597, 'Димитър Петков'),
	(1598, 'Никола Д.Петков'),
	(1599, 'Петко Д.Петков'),
	(1600, '12-ти април'),
	(1601, 'Малина'),
	(1602, 'Роза'),
	(1603, 'Простор'),
	(1604, 'Ела'),
	(1605, 'Острова'),
	(1606, 'Кап. Петко Войвода'),
	(1607, 'Петровден'),
	(1608, 'Момчил Войвода'),
	(1609, 'Пирин'),
	(1610, 'Белица'),
	(1611, 'Витоша'),
	(1612, 'Марица'),
	(1613, 'Черно море'),
	(1614, 'Средец'),
	(1615, 'Райна Княгиня'),
	(1616, 'Гео Милев'),
	(1617, 'Поп Харитон'),
	(1618, 'Бели брези'),
	(1619, 'Цар Самуил'),
	(1620, 'Средна гора'),
	(1621, 'Липа'),
	(1622, 'Цветна'),
	(1623, 'Спортист'),
	(1624, 'Нива'),
	(1625, 'Петър Берон'),
	(1626, 'Розова долина'),
	(1627, 'Г.С.Раковски'),
	(1628, 'Охрид'),
	(1629, 'Детелина'),
	(1630, 'Н.Й.Вапцаров'),
	(1631, 'Хр.Смирненски'),
	(1632, 'Д. Дебелянов'),
	(1633, 'Васил Левски'),
	(1634, 'В.Чакалов'),
	(1635, 'Подем'),
	(1636, 'Витошко лале'),
	(1637, 'Напредък'),
	(1638, 'Орфей'),
	(1639, 'Върбишки проход'),
	(1640, 'Струма'),
	(1641, 'Св. Георги Победоносец'),
	(1642, 'Пробуда'),
	(1643, 'Момина сълза'),
	(1644, 'Обединена'),
	(1645, 'Могила'),
	(1646, 'Орион'),
	(1647, '3-ти март'),
	(1648, 'Възход'),
	(1649, 'Република'),
	(1650, 'Балкан'),
	(1651, 'Панорама'),
	(1652, 'Патриот'),
	(1653, 'Вяра'),
	(1654, 'Единство'),
	(1655, 'Обора'),
	(1656, '8-ми март'),
	(1657, 'Л. Каравелов'),
	(1658, 'Юрий Гагарин'),
	(1659, 'К.Преславски'),
	(1660, 'Заяковица'),
	(1661, 'Извор'),
	(1662, 'Акакция'),
	(1663, 'Кап. Райчо'),
	(1664, 'Драва'),
	(1665, 'Блато'),
	(1666, 'Рожен'),
	(1667, 'Страцин'),
	(1668, 'Велчова завера'),
	(1669, 'Турист'),
	(1670, 'Бяло море'),
	(1671, 'Места'),
	(1672, 'Клокотница'),
	(1673, 'Маслово'),
	(1674, 'Баба Тонка'),
	(1675, 'Гоце Делчев'),
	(1676, 'Радецки'),
	(1677, 'Македония'),
	(1678, 'Тополница'),
	(1679, 'П. Енев'),
	(1680, 'Антим I'),
	(1681, 'Ивайло'),
	(1682, 'Черноризец Храбър'),
	(1683, 'В.Величков'),
	(1684, 'Ручей'),
	(1685, 'Ген.Столетов'),
	(1686, 'Орлово гнездо'),
	(1687, 'Явор'),
	(1688, 'Средорек'),
	(1689, 'Парижка комуна'),
	(1690, 'Софроний Врачански'),
	(1691, 'Прохлада'),
	(1692, 'Сергей Румянцев'),
	(1693, 'Слана бара'),
	(1694, 'Добри Чинтулов'),
	(1695, 'Цар Симеон'),
	(1696, 'Свобода'),
	(1697, 'Княз Борис'),
	(1698, 'Мърфи'),
	(1699, 'Бачо Киро'),
	(1700, 'Страцински бой'),
	(1701, 'Братя Миладинови'),
	(1702, 'Ген. Владимир Заимов'),
	(1703, 'Опълченска'),
	(1704, 'Стефан Стамболов'),
	(1705, 'Иван Асен II'),
	(1706, 'Индже Войвода'),
	(1707, 'Хан Крум'),
	(1708, 'Колю Фичето'),
	(1709, 'Добруджа'),
	(1710, 'Осъм'),
	(1711, 'Синчец'),
	(1712, 'Никодим Тодоров'),
	(1713, 'Партизанин'),
	(1714, 'Бреза'),
	(1715, 'Дружба'),
	(1716, 'Билка'),
	(1717, 'Руини води'),
	(1718, 'Магараница'),
	(1719, 'Църна бара'),
	(1720, 'Боро'),
	(1721, 'Росна китка'),
	(1722, 'Хайдутин'),
	(1723, 'Житница'),
	(1724, 'Захари Зографов'),
	(1725, 'Иван Вазов'),
	(1726, 'Любен Каравелов'),
	(1727, 'Алеко Константинов'),
	(1728, 'Христо Ботев'),
	(1729, 'Йордан Йовков'),
	(1730, 'Майски ден'),
	(1731, 'Св. св. Кирил и Методий'),
	(1732, 'Коста Спасов'),
	(1733, 'Ал. Стамболийски'),
	(1734, 'Пламък'),
	(1735, 'Нарцис'),
	(1736, 'Захари Стоянов'),
	(1737, 'Кладенчето'),
	(1738, 'Орхидея'),
	(1739, 'Папрат'),
	(1740, 'Мичур'),
	(1741, 'Емилиян Станев'),
	(1742, 'Върба'),
	(1743, 'Чичовци'),
	(1744, 'Росица'),
	(1745, 'Околовръстен път'),
	(1746, 'Казанджийска'),
	(1747, 'Ивайлово'),
	(1748, 'Любимец'),
	(1749, 'Мировско шосе'),
	(1750, 'Петко Каравелов'),
	(1751, 'Малуша'),
	(1752, 'Месемврия'),
	(1753, 'Първенец'),
	(1754, 'Ветрен'),
	(1755, 'Минзухар'),
	(1756, 'Чавдар Войвода'),
	(1757, 'Парашутист'),
	(1758, 'Хвойна'),
	(1759, 'Индустриален път'),
	(1760, 'Сини вир'),
	(1761, 'Топола'),
	(1762, 'Перуника'),
	(1763, 'Ястреб'),
	(1764, 'Козлудуйски бряг'),
	(1765, 'Орлин'),
	(1766, 'Леярна'),
	(1767, 'Планинец'),
	(1768, 'Ален мак'),
	(1769, 'Леденика'),
	(1770, 'Канала'),
	(1771, 'Вишновка'),
	(1772, 'Каптажна'),
	(1773, 'Искърско дефиле'),
	(1774, 'Заводска'),
	(1775, 'Строител'),
	(1776, 'Славянска'),
	(1777, 'Асен Златаров'),
	(1778, 'Поп Богомил'),
	(1779, 'Цанко Церковски'),
	(1780, 'бул. Йордан Йовков'),
	(1781, 'Електра'),
	(1782, 'Мир'),
	(1783, 'Цар Калоян'),
	(1784, 'Ропотамо'),
	(1785, 'Калиакра'),
	(1786, 'Мусала'),
	(1787, 'Дунав'),
	(1788, 'Варна'),
	(1789, 'бул. Ломско шосе'),
	(1790, 'Черни връх'),
	(1791, 'Стефан Караджа'),
	(1792, 'Спартак'),
	(1793, 'Хаджи Димитър'),
	(1794, 'Рила'),
	(1795, 'София'),
	(1796, 'Елин Пелин'),
	(1797, 'Роса'),
	(1798, 'Ком'),
	(1799, 'Мургаш'),
	(1800, 'Русе'),
	(1801, 'Шейново'),
	(1802, 'Янко Забунов'),
	(1803, 'Мизия'),
	(1804, 'Плиска'),
	(1805, 'Шипка'),
	(1806, 'Къпина'),
	(1807, 'Вишна'),
	(1808, 'Младост'),
	(1809, 'Искра'),
	(1810, 'Люляк'),
	(1811, 'Александър Стамболийски'),
	(1812, 'Царевец'),
	(1813, 'Родина'),
	(1814, 'Георги Бенковски'),
	(1815, 'Герена'),
	(1816, 'Китка'),
	(1817, 'Лилия'),
	(1818, 'Бузлуджа'),
	(1819, 'Янтра'),
	(1820, 'Ален Мак'),
	(1821, 'Балван'),
	(1822, 'Букет'),
	(1823, '1-ви май'),
	(1824, 'Тунджа'),
	(1825, 'Вихрен'),
	(1826, 'Светлинка'),
	(1827, 'Труд'),
	(1828, 'Пенчо Славейков'),
	(1829, 'Филип Тотю'),
	(1830, 'С.Костадинов'),
	(1831, 'Руен'),
	(1832, 'Крайбрежна'),
	(1833, 'Стара планина'),
	(1834, 'Поморие'),
	(1835, 'Люлин'),
	(1836, 'Градина'),
	(1837, 'Кирил и Методий'),
	(1838, 'Преспа'),
	(1839, 'Оборище'),
	(1840, 'Пейо Яворов'),
	(1841, 'Отец Паисий'),
	(1842, 'Н.Обретенов'),
	(1843, 'Костинбродски път'),
	(1844, 'Златен клас'),
	(1845, 'Калоян'),
	(1846, 'Крива река'),
	(1847, 'Мак'),
	(1848, 'Лале'),
	(1849, 'Акация'),
	(1850, 'Стубел'),
	(1851, 'Търговска'),
	(1852, 'Доброславски път'),
	(1853, 'Възрожденска'),
	(1854, 'Равнище'),
	(1855, 'Божур'),
	(1856, 'Надежда'),
	(1857, 'Бор'),
	(1858, 'Черковна'),
	(1859, 'Стадион'),
	(1860, 'Бунтовник'),
	(1861, 'Отава'),
	(1862, 'Градинарска'),
	(1863, 'Ложев дол'),
	(1864, 'Могилка'),
	(1865, 'Бял камък'),
	(1866, 'Овощна градина'),
	(1867, 'Лука Гълъбов'),
	(1868, 'Кръста'),
	(1869, 'Бригадирска'),
	(1870, 'Борова гора'),
	(1871, 'Станислав Денков'),
	(1872, 'Доброславско шосе'),
	(1873, 'Монова могила'),
	(1874, 'Бяла земя'),
	(1875, 'Гелкова падина'),
	(1876, 'Градище'),
	(1877, 'Бърдо'),
	(1878, 'Типченица'),
	(1879, 'Георги Велев'),
	(1880, 'Детска песен'),
	(1881, 'Космонавт'),
	(1882, 'Ширината'),
	(1883, 'Воденицата'),
	(1884, 'Летец'),
	(1885, 'Шумка'),
	(1886, 'Масларска'),
	(1887, 'Уршак'),
	(1888, 'Сълзица'),
	(1889, 'Ракита'),
	(1890, 'Старато училище'),
	(1891, 'Габровница'),
	(1892, 'Грамадите'),
	(1893, 'Пачовница'),
	(1894, 'Бранище'),
	(1895, 'Пешовица'),
	(1896, 'Първанова чешма'),
	(1897, 'Ив. Н. Декоглу'),
	(1898, 'Стара Планина'),
	(1899, 'Орехова'),
	(1900, 'Латинка'),
	(1901, 'Младежка'),
	(1902, 'Детска радост'),
	(1903, 'Свети Климент Охридски'),
	(1904, 'Миньор'),
	(1905, 'Професорска'),
	(1906, 'бул. Сливница'),
	(1907, 'Дъбиците'),
	(1908, 'Синия вир'),
	(1909, 'Езеро'),
	(1910, '813'),
	(1911, 'Три уши'),
	(1912, 'Хаджи Димитър'),
	(1913, 'Черноризец Храбър'),
	(1914, 'Балкан'),
	(1915, 'Петър Берон'),
	(1916, 'Александър Стамболийски'),
	(1917, 'Люляк'),
	(1918, 'Граничар'),
	(1919, 'П.Славейков'),
	(1920, 'Шипка'),
	(1921, 'Захари Стоянов'),
	(1922, 'Васил Левски'),
	(1923, 'Рила'),
	(1924, 'Капитан Петко войвода'),
	(1925, 'Ивайло'),
	(1926, 'Любен Каравелов'),
	(1927, 'Стралджа'),
	(1928, 'Иглика'),
	(1929, 'Железничар'),
	(1930, 'Спортист'),
	(1931, 'Акация'),
	(1932, 'Средна гора'),
	(1933, '6-ти Септември'),
	(1934, 'Нишава'),
	(1935, '1-ви Май'),
	(1936, 'Оборище'),
	(1937, 'Христо Ботев'),
	(1938, 'Кольо Фичето'),
	(1939, 'Синчец'),
	(1940, 'Велчова завера'),
	(1941, 'Цар Симеон Велики'),
	(1942, 'Стефан Стамболов'),
	(1943, 'Петрушин Мадов'),
	(1944, 'Св.Стефан'),
	(1945, 'Патриарх Евтимий'),
	(1946, 'Св.Св.Кирил и Методий'),
	(1947, 'Св.Климент Охридски'),
	(1948, 'Никола Й.Вапцаров'),
	(1949, 'Баба Тонка'),
	(1950, 'Стара планина'),
	(1951, 'Искър'),
	(1952, 'Космонавт'),
	(1953, 'Отец Паисий'),
	(1954, 'Пирин'),
	(1955, 'Пейо К.Яворов'),
	(1956, 'Малина'),
	(1957, 'Христо Смирненски'),
	(1958, 'Здравец'),
	(1959, 'Чепън'),
	(1960, 'Международно шосе'),
	(1961, 'Гео Милев'),
	(1962, 'АМ Европа'),
	(1963, '8132'),
	(1964, 'Кирил  Георгиев'),
	(1965, 'Георги Бенковски'),
	(1966, 'Осогово'),
	(1967, '15-ти кантон'),
	(1968, 'Космина'),
	(1969, 'Еделвайс'),
	(1970, '8103');
/*!40000 ALTER TABLE `streets` ENABLE KEYS */;

-- Дъмп структура за таблица network_controll.towns
CREATE TABLE IF NOT EXISTS `towns` (
  `id` int(11) NOT NULL AUTO_INCREMENT,
  `name` varchar(255) NOT NULL,
  `post_code` varchar(255) NOT NULL,
  PRIMARY KEY (`id`),
  UNIQUE KEY `name` (`name`),
  UNIQUE KEY `post_code` (`post_code`)
) ENGINE=InnoDB AUTO_INCREMENT=7 DEFAULT CHARSET=utf8;

-- Дъмп данни за таблица network_controll.towns: ~2 rows (approximately)
/*!40000 ALTER TABLE `towns` DISABLE KEYS */;
REPLACE INTO `towns` (`id`, `name`, `post_code`) VALUES
	(1, 'Сливница', '2200'),
	(2, 'Перник', '2301'),
	(3, 'Петърч', '2234'),
	(4, 'Пролеша', '2228'),
	(5, 'Пожарево', '2229'),
	(6, 'Костинброд', '2230');
/*!40000 ALTER TABLE `towns` ENABLE KEYS */;

/*!40101 SET SQL_MODE=IFNULL(@OLD_SQL_MODE, '') */;
/*!40014 SET FOREIGN_KEY_CHECKS=IF(@OLD_FOREIGN_KEY_CHECKS IS NULL, 1, @OLD_FOREIGN_KEY_CHECKS) */;
/*!40101 SET CHARACTER_SET_CLIENT=@OLD_CHARACTER_SET_CLIENT */;
